asset,family,split,days,sharpe,max_dd,total_ret,cagr,exposure,n_trades,win_rate,win_ci_lo,win_ci_hi,bh_ret,bh_sharpe,bh_max_dd
DOGE,meme,IS,308,2.9859527639853414,-0.056792873051224935,0.6604346696803864,0.8237996356310366,0.16558441558441558,16,0.875,0.6397666856325173,0.9650232506629428,1.310585339168493,1.7493794060716674,-0.29273060476481394
LINK,alt,IS,308,2.5532808797166706,-0.0797736049222798,1.0691441000046313,1.3671867934759465,0.2012987012987013,26,0.7307692307692307,0.5391659658023868,0.8629572447493261,2.149969641772924,2.1017801790067585,-0.3030737950005977
NEAR,alt,IS,308,2.542877622461491,-0.11689329683882155,0.7199939773386081,0.9015804399749374,0.16883116883116883,18,0.5555555555555556,0.3371606942825164,0.7544076889861088,3.674698795180717,2.3201826732857893,-0.41941176470588326
DYDX,alt,IS,308,2.3419952041447347,-0.0890181287409888,0.543188878269814,0.6722024306447432,0.1331168831168831,14,0.6428571428571429,0.3876400468214042,0.8365550926279727,0.8143767060964544,1.2331575675469455,-0.3867403314917126
ADA,alt,IS,308,2.287949070683259,-0.13302228062146115,0.7288184319342512,0.9131475172591901,0.22077922077922077,17,0.6470588235294118,0.4129996672121182,0.826905138560951,1.068507988085568,1.5579101889332518,-0.36755485893416917
TLM,alt,IS,308,2.139983916499143,-0.12454671854578048,0.4730220494817563,0.5824823734589555,0.16558441558441558,15,0.6666666666666666,0.41713125151212976,0.8482389930530876,0.9481340923466142,1.365941075814513,-0.4375
SUI,alt,IS,308,2.0653934707830386,-0.11295926120180488,0.662439386470832,0.8264093862406416,0.12337662337662338,18,0.5,0.2903070395897999,0.7096929604102,0.3753817441465872,0.8631022937887108,-0.6947489901904214
PEPE,meme,IS,308,1.9433847879374366,-0.1626632804035254,1.3767595196387727,1.7897605361996627,0.09415584415584416,18,0.4444444444444444,0.24559231101389126,0.6628393057174837,3.6787564766839376,1.8611639280572791,-0.6684491978609626
AAVE,alt,IS,308,1.6729342417632176,-0.0972825867199365,0.5144079534853703,0.6353078407339463,0.18506493506493507,22,0.5909090909090909,0.38734477382893806,0.7674444033117963,1.2057187017001523,1.5925035599355528,-0.3574158550117128
TRX,alt,IS,308,1.6493783629541423,-0.08534925219385159,0.2456922738958749,0.29738227115757243,0.2792207792207792,26,0.6538461538461539,0.46220229009632996,0.8058798502714787,0.9029420248053062,2.332582064280393,-0.1579966126300505
XRP,alt,IS,308,1.6151746488464704,-0.09093150657901272,0.24312860345192067,0.2942186915036189,0.14935064935064934,18,0.6666666666666666,0.4374906934425036,0.8372144563633714,0.6014408552172894,0.9560763015507717,-0.4213222737252984
ZEC,alt,IS,308,1.6132737542914992,-0.20332311584418106,0.3862429922888062,0.47261376741041006,0.2077922077922078,21,0.6666666666666666,0.45373075657210293,0.8280546356731631,0.043413173652692594,0.41319445670722293,-0.43771929824561506
SOL,alt,IS,308,1.4724033923828719,-0.128760351198144,0.3385121344048765,0.41271859864823046,0.12337662337662338,14,0.6428571428571429,0.3876400468214042,0.8365550926279727,6.83460803059273,3.157668931475076,-0.35493265380415007
XLM,alt,IS,308,1.3510939959501131,-0.13387692009333085,0.2597389540335948,0.3147372689465504,0.14935064935064934,12,0.5833333333333334,0.3195073356553728,0.8067425380947535,0.6936026936026929,1.0723095755055967,-0.3713235294117647
AVAX,alt,IS,308,1.3053082078317122,-0.1455876155251149,0.2570854709332182,0.311456072860385,0.16883116883116883,16,0.5,0.2799923761135083,0.7200076238864916,2.530283505154643,2.1890777298663897,-0.42198815009874857
WLD,alt,IS,233,1.1838220983380445,-0.3505012002483492,0.603109115931163,1.094495872199304,0.2575107296137339,17,0.4117647058823529,0.21610786039131383,0.6399492561448447,3.420370370370372,2.1402530993299522,-0.5843621399176955
ETH,major,IS,308,1.1400093600360837,-0.10601992777625491,0.19478013880880352,0.2347848498529299,0.20454545454545456,25,0.56,0.37067017019564436,0.7333462505299744,1.1755349489089175,2.2670833164936663,-0.2319193410792768
UNI,alt,IS,308,0.9622720241422386,-0.17092439885492383,0.31660140754837296,0.38535513912377306,0.24675324675324675,23,0.5217391304347826,0.3296242986421849,0.7076313046005427,1.7718683031365736,1.6959936682322838,-0.4186602870813392
RIF,alt,IS,308,0.6238711336504975,-0.17393899838348625,0.13901244381933697,0.16678249864547268,0.08116883116883117,15,0.4666666666666667,0.24809225259746442,0.6988336984894921,1.0367491166077758,1.279977313989971,-0.5604166666666666
BNB,alt,IS,308,0.595476954987287,-0.23043467056045552,0.09508869957608068,0.11365322504893705,0.2435064935064935,23,0.43478260869565216,0.25634368332198654,0.6318895069498304,1.0060451797645573,1.865119481852752,-0.3474387527839641
BTC,major,IS,308,0.49933134822260183,-0.14124960762053906,0.07745503378649188,0.09243373238230368,0.18181818181818182,20,0.45,0.25819502085709295,0.6579179916924003,1.647671596601875,2.8843675789509224,-0.20002715056130793
SYN,alt,IS,308,0.4265116437142172,-0.2411683286313575,0.07524557025704515,0.08977947843752476,0.09415584415584416,9,0.4444444444444444,0.188775429471914,0.7333526542559703,1.3393921334922547,1.3878031137801792,-0.6655551438804497
LTC,alt,IS,308,0.2594950784841005,-0.19200314974599064,0.028095878556719134,0.03338134899946388,0.237012987012987,21,0.42857142857142855,0.24469699486521043,0.6345378370296754,0.20153218831088604,0.6487142465831073,-0.4818173813507086
NFP,alt,IS,77,0.03101517014375456,-0.1059033634727996,-0.006633602819296924,-0.031057260061640446,0.12987012987012986,4,0.5,0.15003570882017148,0.8499642911798285,-0.20871080441435286,0.0397503516079039,-0.5093512974051896
ZEC,alt,OOS,918,0.5251862125326182,-0.39861487848496324,0.35088570401254926,0.1270272399228083,0.14270152505446623,13,0.46153846153846156,0.2320575430148814,0.7085656756816796,41.09268292682924,1.7716401933125747,-0.7178287921046986
PEPE,meme,OOS,918,0.03629017275787055,-0.3794698286377317,-0.1096003925456156,-0.04510679196346046,0.054466230936819175,15,0.6666666666666666,0.41713125151212976,0.8482389930530876,-0.6013289036544857,0.2710130906126957,-0.9124528301886793
BTC,major,OOS,918,-0.012805827227888361,-0.24392756438303131,-0.06752517744807773,-0.02741490235090227,0.16013071895424835,4,0.25,0.045586062644636216,0.6993639475573634,0.04577118036358385,0.26972596489560535,-0.5297176591351065
TRX,alt,OOS,918,-0.03631413573039287,-0.15396530359355587,-0.03906346880712186,-0.015718428529595485,0.1655773420479303,2,0.5,0.09452865480086614,0.9054713451991339,1.5388404698749434,0.7811297350126356,-0.5108494921514309
UNI,alt,OOS,918,-0.08265841322657146,-0.4516710684820474,-0.2568928214288444,-0.111352323516406,0.12962962962962962,12,0.5,0.2537781703934222,0.7462218296065778,-0.45234748383469237,0.2722841008123898,-0.8712504031824534
AAVE,alt,OOS,918,-0.13316347473583137,-0.382912393719807,-0.21614490336030845,-0.09228862044658093,0.1318082788671024,12,0.3333333333333333,0.13811783989736134,0.609382412602386,-0.0988017658187933,0.4293942617904727,-0.8410471695653309
ENA,alt,OOS,898,-0.1849590459075387,-0.7648857791299389,-0.4048329088012511,-0.1901585485196089,0.09242761692650334,17,0.35294117647058826,0.17309486143904904,0.5870003327878818,-0.8003870967741935,0.1591844760653679,-0.951129363449692
BNB,alt,OOS,918,-0.22537535076638723,-0.352739849408086,-0.1799818823963547,-0.0758639705867995,0.15468409586056645,5,0.4,0.1176182311592533,0.769280067791163,0.1710705789056286,0.3781732729606617,-0.5819795013002906
LTC,alt,OOS,918,-0.31477636008793036,-0.5200006729655875,-0.2725214076200647,-0.11883094544034634,0.14705882352941177,8,0.25,0.07147768885802763,0.5907301208974108,-0.44518716577540063,0.025534833143377893,-0.7014010507880912
ETH,major,OOS,918,-0.31543954780630623,-0.4181642546330362,-0.28007759750556527,-0.1224814777540133,0.15468409586056645,7,0.42857142857142855,0.15821692226262685,0.7495457695909742,-0.388911778145671,0.05938695942501924,-0.6755303627637843
SUI,alt,OOS,918,-0.3165247481145858,-0.7137626453540177,-0.43634926261575047,-0.20383929360337483,0.12745098039215685,12,0.25,0.08894003962896138,0.53231033912066,-0.5427743169061874,0.19609148985561825,-0.8767910475974443
XRP,alt,OOS,918,-0.39834356820516337,-0.4037215816194676,-0.2515133911001701,-0.10880009061071383,0.13398692810457516,15,0.3333333333333333,0.15176100694691236,0.5828687484878701,0.8812944420258289,0.7022673369170912,-0.720172374943668
SYN,alt,OOS,918,-0.40966215641080705,-0.7254400116577666,-0.5179978197279285,-0.25186636808466367,0.12636165577342048,14,0.42857142857142855,0.21380509930400526,0.6740973309713064,-0.8804483505285952,0.28489031360159256,-0.9825846153846154
TAO,alt,OOS,889,-0.4703121972707735,-0.6353312360850923,-0.4388894177886572,-0.21120181457774523,0.10686164229471316,10,0.4,0.16817758120350967,0.6873304525498135,-0.6273252084669648,0.12449656167498518,-0.7952026932248558
NFP,alt,OOS,843,-0.49347744622046125,-0.7540136074103349,-0.5865994675265309,-0.31782263819735435,0.1601423487544484,13,0.46153846153846156,0.2320575430148814,0.7085656756816796,-0.992057057715062,0.04001720937606151,-0.9951584415584416
LINK,alt,OOS,918,-0.49865950813584764,-0.5219642512748108,-0.4131016735087135,-0.19094174990108925,0.14923747276688454,8,0.25,0.07147768885802763,0.5907301208974108,-0.45132999228990045,0.14331264891345818,-0.7537777777777787
SOL,alt,OOS,918,-0.6273635322659659,-0.567406449712579,-0.47476310807071065,-0.22587291671422027,0.11002178649237472,21,0.42857142857142855,0.24469699486521043,0.6345378370296754,-0.37992678462477003,0.15374672422917968,-0.762530060693972
DOGE,meme,OOS,918,-0.6715589034844613,-0.5752804237023661,-0.48342214648626625,-0.2309726464540166,0.11655773420479303,14,0.21428571428571427,0.0757124833691637,0.4758972377320828,-0.5163065995856762,0.11732741947563756,-0.8518494692827275
XLM,alt,OOS,918,-0.7342437290788127,-0.4637788771207966,-0.36776993369178446,-0.16665033792368023,0.14705882352941177,10,0.4,0.16817758120350967,0.6873304525498135,0.21603711066931353,0.5175349604368578,-0.7440242597217275
WLD,alt,OOS,918,-0.7836300786193328,-0.738646207849126,-0.6922847340995995,-0.3741269158410264,0.12418300653594772,20,0.45,0.25819502085709295,0.6579179916924003,-0.9598345203183913,-0.37204470982533505,-0.9782737819025522
RIF,alt,OOS,834,-0.8145472388676505,-0.7793613960159086,-0.6765423337658837,-0.38980075602221087,0.1366906474820144,13,0.46153846153846156,0.2320575430148814,0.7085656756816796,-0.7220680083275504,0.04903344962826605,-0.9059745347698336
TLM,alt,OOS,918,-0.8193827683244198,-0.6953547651479948,-0.6089901797520914,-0.31158171986218264,0.12745098039215685,11,0.36363636363636365,0.15166223614131383,0.6462032231083628,-0.9549999999999998,-0.453675955376673,-0.9712188460225333
DYDX,alt,OOS,918,-0.9030993530490212,-0.6876430689657229,-0.6169674934373495,-0.31720075108870016,0.13616557734204793,13,0.38461538461538464,0.17709446581236818,0.6447751902773146,-0.971191073219659,-0.805461836118472,-0.979720457433291
NEAR,alt,OOS,918,-0.9141710185858796,-0.6699615470870907,-0.5934052488901871,-0.3008001016271339,0.10457516339869281,21,0.3333333333333333,0.17194536432683688,0.5462692434278971,-0.5945876288659786,0.15252335556954555,-0.8914343753526689
AVAX,alt,OOS,918,-0.9200188564392402,-0.6777748453019974,-0.6125412282950102,-0.3140743833452493,0.12745098039215685,13,0.23076923076923078,0.08179379092465713,0.5025687399512693,-0.8610877897426542,-0.4791844558230257,-0.9027704485488129
ADA,alt,OOS,918,-0.9324132825355959,-0.5791286057174454,-0.5182558191510863,-0.25202561430233195,0.1394335511982571,14,0.2857142857142857,0.11721187910109099,0.5464954117248438,-0.7347820395339704,-0.11897536571306709,-0.8828799478742465
