fold,n,base_rate,auc,brier,logloss,acc@0.5,warmup
1,3468,0.41637831603229525,0.5796241500881391,0.2409638826211559,0.6751631696090936,0.5836216839677048,True
2,3620,0.6375690607734806,0.5999119578771611,0.26187545171029536,0.7186893996257039,0.4988950276243094,True
3,3931,0.40320529127448484,0.5475240761508279,0.30844788580998467,0.8523059751116515,0.43653014500127196,False
4,3978,0.5671191553544495,0.5652584204413473,0.2581221398786433,0.710527996177141,0.504524886877828,False
5,3978,0.3903971845148316,0.6063262989491573,0.2562321580978197,0.7056539246202203,0.42483660130718953,False
6,3978,0.4673202614379085,0.5095512539154315,0.24904276730569047,0.6912297798763926,0.5339366515837104,False
7,3978,0.42885872297637,0.5639517424004755,0.2467286604869223,0.6865906882477334,0.5487682252388135,False
8,3817,0.4912234739324077,0.5453108135942328,0.2495605522489003,0.6922758675412335,0.5103484411841761,False
OOS(3+),23660,0.45790363482671176,0.5137801305331515,0.2613424093052615,0.7230504343913131,0.49315300084530855,False
OOS-weekly,3376,0.44579383886255924,0.5150062769567325,0.2589013836175402,0.7145225833351119,0.5210308056872038,False
